id_engcit,codgeo,libgeo,echelon,dispositif,periode,ingredients,url
patde-1,200040293,CC du Clunisois,epci,PATDE,2022,,
patde-10,200036499,CC de Marana-Golo,epci,PATDE,"2023, 2024",,
patde-18,200030674,CA Val de Garonne Agglomération,epci,PATDE,2024,,
patde-25,73065,Chambéry,commune,PATDE,2023,,
patde-37,50129,Cherbourg-en-Cotentin,commune,PATDE,2024,,
patde-42,39189,Damparis,commune,PATDE,2022,,
patde-52,69072,Dardilly,commune,PATDE,2023,,
patde-61,38151,Échirolles,commune,PATDE,2023,,
patde-72,87064,Eymoutiers,commune,PATDE,2022,,
patde-76,61169,Flers,commune,PATDE,"2024, 2023",,
patde-85,34164,Montaud,commune,PATDE,2022,,
patde-99,42168,Pélussin,commune,PATDE,"2024, 2025",,
patde-109,53182,Port-Brillet,commune,PATDE,2024,,
patde-117,11339,Saint-Denis,commune,PATDE,2023,,
patde-123,59009,Villeneuve-d'Ascq,commune,PATDE,2022,,
patde-124,60143,Chaumont-en-Vexin,commune,PATDE,2024,,
patde-125,200033579,CU d'Arras,epci,PATDE,"2024, 2025",,
patde-126,78311,Houilles,commune,PATDE,2024,,
patde-127,63307,Romagnat,commune,PATDE,2024,,
patde-177,247103864,CC de Semur en Brionnais,epci,PATDE,2025,,
patde-178,81271,Saint-Sulpice-la-Pointe,commune,PATDE,2025,,
patde-184,29163,Pleyber-Christ,commune,PATDE,2025,,
patde-185,28199,Janville-en-Beauce,commune,PATDE,2025,,
patde-186,4244,Volonne,commune,PATDE,2025,,
patde-187,2720,Sissonne,commune,PATDE,"2025, 2026",,
patde-188,63415,Sauxillanges,commune,PATDE,"2025, 2026",,
-190,,,,,,,
pptde-1,18033,Bourges,commune,PPTDE,"2021, 2022",,
pptde-2,78361,Mantes-la-Jolie,commune,PPTDE,"2021, 2022",,
pptde-3,9306,Tarascon-sur-Ariège,commune,PPTDE,"2022, 2021",,
pptde-4,44143,Rezé,commune,PPTDE,"2022, 2021",,
pptde-5,75056,Paris,commune,PPTDE,"2022, 2021",,
pptde-6,54547,Vandœuvre-lès-Nancy,commune,PPTDE,"2024, 2023",,
pptde-7,63430,Thiers,commune,PPTDE,"2024, 2023",,
pptde-8,84137,Vaison-la-Romaine,commune,PPTDE,"2024, 2023",,
pptde-9,246800551,CC de la Vallée de Kaysersberg,epci,PPTDE,"2024, 2023",,
pptde-10,1053,Bourg-en-Bresse,commune,PPTDE,"2025, 2024",,
pptde-11,57463,Metz,commune,PPTDE,"2025, 2024",,
pptde-12,71014,Autun,commune,PPTDE,"2025, 2024",,
pptde-13,35126,Guichen,commune,PPTDE,"2021, 2022",,
pptde-14,79191,Niort,commune,PPTDE,"2021, 2022",,
pptde-15,93039,L'Île-Saint-Denis,commune,PPTDE,"2022, 2021",,
,,,,,,,
cco-2,31202,Fronton,commune,CCO,2021,,
cco-3,26063,Buis-les-Baronnies,commune,CCO,2021,,
cco-4,38315,Le Pont-de-Beauvoisin,commune,CCO,2021,,
cco-5,200048551,CC du Pays de Craon,epci,CCO,2021,,
cco-6,249740101,CA Territoire de la Côte Ouest (TCO),epci,CCO,2021,,
cco-7,200066793,CA du Grand Annecy,epci,CCO,2021,,
cco-8,69269,Yzeron,commune,CCO,2021,,
cco-9,92012,Boulogne-Billancourt,commune,CCO,2021,,
cco-10,42186,Rive-de-Gier,commune,CCO,2021,,
cco-11,200066322,CC Terres des Confluences,epci,CCO,2021,,
cco-12,74010,Annecy,commune,CCO,2021,,
,,,,,,,
cco-14,21287,Fresnes,commune,CCO,2021,,
,,,,,,,
cco-16,9225,Pamiers,commune,CCO,2021,,
cco-17,200034023,CC Tarn-Agout,epci,CCO,2021,,
cco-18,81060,Carmaux,commune,CCO,2021,,
cco-19,200040111,CC Coeur de Chartreuse,epci,CCO,2022,,
cco-20,74224,La Roche-sur-Foron,commune,CCO,2022,,
cco-21,200039642,CC Le Tonnerrois en Bourgogne,epci,CCO,2022,,
cco-22,84080,Monteux,commune,CCO,2022,,
cco-23,47222,La Réunion,commune,CCO,2022,,
,,,,,,,
cco-25,13014,Berre-l'Étang,commune,CCO,2022,,
cco-26,200040392,CA Le Grand Périgueux,epci,CCO,2022,,
cco-27,9267,Saint-Lary,commune,CCO,2022,,
cco-28,65031,Arreau,commune,CCO,2022,,
cco-29,34028,Bédarieux,commune,CCO,2022,,
cco-30,53096,Ernée,commune,CCO,2022,,
,,,,,,,
cco-32,63415,Sauxillanges,commune,CCO,2022,,
cco-33,243700754,Tours Métropole Val de Loire,epci,CCO,2022,,
cco-34,80211,Conty,commune,CCO,2022,,
cco-35,80630,Poix-de-Picardie,commune,CCO,2022,,
cco-36,33318,Pessac,commune,CCO,2022,,
cco-37,245701206,CC du Saulnois,epci,CCO,2022,,
cco-38,50218,Granville,commune,CCO,2022,,
cco-39,50502,Saint-Lô,commune,CCO,2022,,
cco-40,245900428,CU de Dunkerque,epci,CCO,2022,,
cco-41,200060473,CC du Sud,epci,CCO,2022,,
cco-42,91228,Évry-Courcouronnes,commune,CCO,2023,,
cco-43,40002,Amou,commune,CCO,2023,,
cco-44,40201,Mugron,commune,CCO,2023,,
cco-45,50147,Coutances,commune,CCO,2023,,
cco-46,31113,Castanet-Tolosan,commune,CCO,2023,,
cco-47,49223,Mûrs-Erigné,commune,CCO,2023,,
cco-48,40194,Montfort-en-Chalosse,commune,CCO,2023,,
cco-49,200049658,PETR du Pays de la Déodatie,epci,CCO,2023,,
,,,,,,,
cco-51,38225,Autrans-Méaudre en Vercors,commune,CCO,2023,,
cco-52,22384,Uzel,commune,CCO,2023,,
cco-53,69272,Communay,commune,CCO,2023,,
cco-54,73248,Saint-Jean-de-Maurienne,commune,CCO,2023,,
cco-55,77014,Avon,commune,CCO,2023,,
cco-56,243301264,CC de Montesquieu,epci,CCO,2023,,
cco-57,2722,Soissons,commune,CCO,2023,,
cco-58,77284,Meaux,commune,CCO,2023,,
,,,,,,,
cco-60,200054781,Métropole du Grand Paris,epci,CCO,2023,,
cco-61,13055,Marseille,commune,CCO,2023,,
cco-62,62729,Rumilly,commune,CCO,2024,,
cco-63,26139,Génissieux,commune,CCO,2024,,
cco-64,247200629,CC du Val de Sarthe,epci,CCO,2024,,
cco-65,200070936,CC Ponthieu-Marquenterre,epci,CCO,2024,,
cco-66,91570,Saint-Michel-sur-Orge,commune,CCO,2024,,
cco-67,200052801,"PETR du Briançonnais, des Ecrins, du Guillestrois et du Queyras",epci,CCO,"2024, 2024, 2024",,
cco-68,78642,Verneuil-sur-Seine,commune,CCO,2024,,
cco-69,200067981,CA Guingamp-Paimpol Agglomération de l'Armor à l'Argoat,epci,CCO,2024,,
cco-70,245400676,Métropole du Grand Nancy,epci,CCO,2024,,
cco-71,34079,Clermont-l'Hérault,commune,CCO,2024,,
cco-72,44048,Couffé,commune,CCO,2024,,
cco-73,95219,Ermont,commune,CCO,2024,,
cco-74,28199,Janville-en-Beauce,commune,CCO,2024,,
cco-75,22223,Plouisy,commune,CCO,2024,,
cco-76,252600192,SM Parc naturel régional du Vercors,epci,CCO,2024,,
cco-77,200054807,Métropole d'Aix-Marseille-Provence,epci,CCO,2025,,
cco-78,84124,Saumane-de-Vaucluse,commune,CCO,2025,,
cco-79,16090,Châteauneuf-sur-Charente,commune,CCO,2025,,
cco-80,38422,Saint-Martin-d'Uriage,commune,CCO,2025,,
-82,2720,Sissonne,commune,CCO,2025,,
-86,249720053,CA de l'Espace Sud de la Martinique,epci,CCO,2025,,
-88,200070431,CC Saint-Marcellin Vercors Isère Communauté,epci,CCO,2025,,
-90,56162,Ploemeur,commune,CCO,2025,,
-92,60382,Margny-lès-Compiègne,commune,CCO,2026,,
-93,54580,Villerupt,commune,CCO,2026,,
ai-2,246800551,CC de la Vallée de Kaysersberg,epci,AI,2023,,
ai-3,200040293,CC du Clunisois,epci,AI,2023,,
ai-4,71137,Cluny,commune,AI,2023,,
ai-6,69072,Dardilly,commune,AI,2023,,
ai-7,39189,Damparis,commune,AI,2023,,
ai-8,38151,Échirolles,commune,AI,2023,,
ai-9,34164,Montaud,commune,AI,2023,,
ai-10,200030674,CA Val de Garonne Agglomération,epci,AI,2023,,
ai-11,73065,Chambéry,commune,AI,2023,,
ai-14,50129,Cherbourg-en-Cotentin,commune,AI,2023,,
ai-15,53182,Port-Brillet,commune,AI,2023,,
ai-16,54547,Vandœuvre-lès-Nancy,commune,AI,2023,,
ai-17,59009,Villeneuve-d'Ascq,commune,AI,2023,,
ai-27,11339,Saint-Denis,commune,AI,2023,,
ai-33,200035814,CA Flers Agglo,epci,AI,2023,,
ai-34,42168,Pélussin,commune,AI,2023,,
ai-41,93039,L'Île-Saint-Denis,commune,AI,2023,,
ai-43,84137,Vaison-la-Romaine,commune,AI,2023,,
ai-44,200070712,CC Thiers Dore et Montagne,epci,AI,2023,,
ai-46,74112,Epagny Metz-Tessy,commune,AI,2023,,
,,,,,,,
ai-48,47130,Lagruère,commune,AI,2023,,
ai-49,74240,Saint-Jean-de-Tholome,commune,AI,2023,,
ai-50,2B301,San-Gavino-di-Tenda,commune,AI,2023,,
ai-51,74283,Thusy,commune,AI,2023,,
ai-55,245400262,Grand Longwy Agglomération,epci,AI,2023,,
ai-56,200049211,CC Conflent-Canigó,epci,AI,2023,,
ai-57,200034882,CC Pays du Mont-Blanc,epci,AI,2023,,
,,,,,,,
ai-59,78311,Houilles,commune,AI,2023,,
ai-60,83126,La Seyne-sur-Mer,commune,AI,2023,,
ai-61,74160,Manigod,commune,AI,2023,,
ai-63,61006,Argentan,commune,AI,2023,,
ai-64,35055,Chantepie,commune,AI,2023,,
ai-65,74307,Villy-le-Pelloux,commune,AI,2023,,
ai-66,77118,Claye-Souilly,commune,AI,2024,,
ai-67,69091,Givors,commune,AI,2024,,
ai-68,68112,Guebwiller,commune,AI,2024,Droits culturels,
ai-69,33318,Pessac,commune,AI,2024,Droits culturels,
ai-70,243301454,CC Castillon/Pujols,epci,AI,2024,Place des jeunes et des adolescents,
ai-71,200042463,CC de la Montagne Noire,epci,AI,2024,Place des jeunes et des adolescents,
ai-72,200070803,CC des Coteaux du Val d'Arros,epci,AI,2024,Place des jeunes et des adolescents,
ai-73,243200458,CC du Grand Armagnac,epci,AI,2024,Aménagement participatif durable,
,,,,,,,
,,,,,,,
ai-76,49050,Brissac Loire Aubance,commune,AI,2024,Aménagement participatif durable,
ai-77,62080,Bapaume,commune,AI,2024,Accueil et intégration des réfugiés,
ai-78,92036,Gennevilliers,commune,AI,2024,Accueil et intégration des réfugiés,
ai-79,69250,La Tour-de-Salvagny,commune,AI,2024,Accueil et intégration des réfugiés,
ai-80,29195,Plouguerneau,commune,AI,2024,Droits culturels,
ai-81,77337,Noisiel,commune,AI,2024,Droits culturels,
ai-82,69264,Villefranche-sur-Saône,commune,AI,2024,Place des jeunes et des adolescents,
ai-83,38185,Grenoble,commune,AI,2024,,
ai-84,246300701,Clermont Auvergne Métropole,epci,AI,2024,,
ai-85,95607,Taverny,commune,AI,2024,,
ai-86,77152,Dammarie-les-Lys,commune,AI,2024,,
ai-87,253401715,SM Filière Viande de l'Hérault,epci,AI,2024,,
ai-89,84031,Carpentras,commune,AI,2024,,
ai-90,95127,Cergy,commune,AI,2024,,
ai-91,92026,Courbevoie,commune,AI,2024,,
ai-92,83121,Salernes,commune,AI,2024,,
ai-93,68376,Wittenheim,commune,AI,2024,,
,,,,,,,
ai-95,60395,Méru,commune,AI,2024,,
ai-96,3310,Vichy,commune,AI,2024,,
ai-98,200073401,CC Mézenc-Loire-Meygal,epci,AI,2024,,
ai-99,241900133,CC de Ventadour - Egletons - Monédières,epci,AI,2024,,
ai-100,200018166,CC Le Grésivaudan,epci,AI,2024,,
ai-101,246400337,CC de la Vallée d'Ossau,epci,AI,2024,,
,,,,,,,
ai-104,74282,Fillière,commune,AI,2024,,
ai-105,200040715,Grenoble-Alpes-Métropole,epci,AI,2024,,
ai-106,200030195,Métropole Nice Côte d'Azur,epci,AI,2024,,
ai-107,200068096,CC Champsaur-Valgaudemar,epci,AI,2024,,
ai-108,200051738,PETR Pays de Remiremont et de ses vallées,epci,AI,2024,,
ai-109,200052801,"PETR du Briançonnais, des Ecrins, du Guillestrois et du Queyras",epci,AI,2024,,
ai-110,253901664,SM du Parc naturel régional du Haut-Jura,epci,AI,2024,,
ai-111,#Invalid Ref: Préfecture 74,Préfecture 74,#Invalid Ref: Préfecture 74,AI,2024,,
ai-112,200068047,CA Creil Sud Oise,epci,AI,2024,,
ai-113,64102,Bayonne,commune,AI,2024,,
ai-114,200034957,CC du Frontonnais,epci,AI,2024,,
ai-116,69272,Communay,commune,AI,2024,,
ai-117,56069,Groix,commune,AI,2024,,
ai-119,19062,Corrèze,commune,AI,2024,,
ai-121,254200363,SM de gestion et réalisation Parc naturel régional du Pilat,epci,AI,2024,,
ai-122,48194,Vialas,commune,AI,2024,,
ai-123,243300316,Bordeaux Métropole,epci,AI,2024,,
ai-127,40288,Sarbazan,commune,AI,2024,,
ai-130,253306526,"SI pour la restauration collective entre les villes de Cenon, Floirac et Ambarès-et-Lagrave (SIREC)",epci,AI,2024,,
ai-131,89063,La Celle-Saint-Cyr,commune,AI,2024,,
ai-132,74276,Taninges,commune,AI,2024,,
ai-133,48140,Saint-Chély-d'Apcher,commune,AI,2024,,
ai-134,200017127,Syndicat de développement local du Pays Coeur d'Hérault ou ''SYDEL du Pays Coeur d'Hérault'',epci,AI,2024,,
ai-136,#Invalid Ref: SMICVAL,SMICVAL,#Invalid Ref: SMICVAL,AI,2024,,
ai-137,200077881,Syndicat du bassin de l'Oudon,epci,AI,2024,,
ai-138,#Invalid Ref: Terres d'Argentan Interco,Terres d'Argentan Interco,#Invalid Ref: Terres d'Argentan Interco,AI,2024,,
ai-140,58071,Chevannes-Changy,commune,AI,2024,,
ai-142,78623,Le Tremblay-sur-Mauldre,commune,AI,2024,,
,,,,,,,
ai-146,258402346,SM du parc naturel régional du Lubéron,epci,AI,2024,,
ai-147,67461,Schwobsheim,commune,AI,2024,,
ai-148,253804835,SM des Rives du Rhône,epci,AI,2024,,
ai-149,88464,Tendon,commune,AI,2024,,
ai-150,246700488,Eurométropole de Strasbourg,epci,AI,2024,,
ai-151,33249,Lormont,commune,AI,2024,,
ai-152,200070092,CA du Libournais,epci,AI,2024,,
ai-155,240800862,CC des Crêtes Préardennaises,epci,AI,2024,,
ai-157,#Invalid Ref: DDETS Pyrénées atlantiques,DDETS Pyrénées atlantiques,#Invalid Ref: DDETS Pyrénées atlantiques,AI,2024,,
ai-159,200068674,CA Grand Lac,epci,AI,2024,,
ai-162,200096675,CC Baud Communauté,epci,AI,2024,,
ai-163,92049,Montrouge,commune,AI,2024,,
ai-166,200069250,CA Troyes Champagne Métropole,epci,AI,2024,,
ai-176,240700864,CC du Rhône aux Gorges de l'Ardèche,epci,AI,2024,,
ai-185,242900553,CC du Pays des Abers,epci,AI,2024,,
ai-192,200070761,CC Ambert Livradois Forez,epci,AI,2024,,
ai-193,200069094,CC Isle et Crempse en Périgord,epci,AI,2024,,
ai-194,200071496,CC du Bocage Bourbonnais,epci,AI,2024,,
ai-199,200068997,CA Arlysère,epci,AI,2024,,
ai-200,200010775,SM des Monts de la Madeleine,epci,AI,2024,,
ai-201,70554,Villars-le-Pautel,commune,AI,2024,,
ai-205,17197,Jonzac,commune,AI,2024,,
,,,,,,,
,,,,,,,
ai-211,200010700,CA Caux Seine Agglo,epci,AI,2024,,
,,,,,,,
ai-219,17300,La Rochelle,commune,AI,2024,,
ai-222,50353,Le Mont-Saint-Michel,commune,AI,2024,,
ai-223,62160,Boulogne-sur-Mer,commune,AI,2024,,
ai-224,247200447,CC Orée de Bercé - Belinois,epci,AI,2024,,
ai-233,#Invalid Ref: DDT39,DDT39,#Invalid Ref: DDT39,AI,2024,,
ai-237,78440,Les Mureaux,commune,AI,2024,,
ai-240,2A247,Porto-Vecchio,commune,AI,2024,,
ai-241,#Invalid Ref: Pays et quartiers Nouvelle Aquitaine,Pays et quartiers Nouvelle Aquitaine,#Invalid Ref: Pays et quartiers Nouvelle Aquitaine,AI,2024,,
ai-242,10343,Saint-Julien-les-Villas,commune,AI,2024,,
ai-244,95219,Ermont,commune,AI,2024,,
ai-245,69123,Lyon,commune,AI,2024,,
ai-249,57463,Metz,commune,AI,2024,,
ai-259,200023299,CC Coeur de Tarentaise,epci,AI,2024,,
ai-261,200051548,PETR Nivernais Morvan,epci,AI,2024,,
,,,,,,,
ai-269,#Invalid Ref: CA Coeur de Flandre,CA Coeur de Flandre,#Invalid Ref: CA Coeur de Flandre,AI,2024,,
ai-277,200093201,Métropole Européenne de Lille,epci,AI,2024,,
